code,predicted_gender
5,female
8,female
9,male
9,female
13,female
17,male
17,female
18,female
18,male
31,female
31,male
35,male
36,female
37,female
40,male
40,female
55,male
56,male
59,male
62,male
65,female
66,male
66,female
69,female
69,male
71,female
72,female
72,male
74,female
76,female
76,male
78,male
83,female
84,female
84,male
88,female
90,male
93,male
94,female
95,female
97,female
99,female
106,female
106,male
110,male
113,male
115,female
117,male
120,female
122,female
126,female
127,female
132,female
137,male
139,male
141,male
147,male
150,male
151,male
151,female
155,male
157,male
157,female
160,female
165,male
165,female
166,female
166,male
169,male
170,female
172,male
172,female
174,male
181,female
190,male
191,male
191,female
198,female
199,female
199,male
200,male
204,female
205,female
210,male
215,female
216,male
217,female
219,male
220,female
225,male
227,male
227,female
229,female
236,female
240,male
243,female
247,male
247,female
252,female
254,female
254,male
256,female
259,female
260,female
261,male
261,female
263,male
268,female
269,female
275,male
276,male
277,female
281,male
282,female
285,male
287,male
288,female
290,female
292,female
293,male
296,male
296,female
297,female
297,male
299,male
299,female
300,male
300,female
301,female
306,female
310,male
311,female
318,male
318,female
321,male
324,female
325,female
330,male
332,male
333,female
335,male
337,female
340,female
340,male
341,male
345,female
351,male
354,male
356,male
366,female
366,male
367,male
370,male
371,female
371,male
372,male
375,female
378,female
379,female
379,male
380,female
383,male
387,female
389,female
390,male
394,female
401,female
403,female
403,male
404,female
405,female
408,male
409,male
410,male
412,female
414,male
414,female
415,female
417,male
418,female
419,female
421,female
422,male
426,male
426,female
428,male
431,female
431,male
433,male
436,female
437,male
439,female
440,female
444,female
447,female
450,male
450,female
452,male
453,female
454,female
465,male
469,female
477,male
478,female
479,female
481,female
483,female
485,female
486,male
487,female
489,male
490,male
496,female
502,male
504,female
509,male
509,female
510,female
515,male
517,female
523,male
525,male
526,female
530,male
531,female
533,male
536,male
537,female
539,female
539,male
540,female
541,female
542,male
542,female
544,male
544,female
547,male
550,male
550,female
551,female
552,male
557,male
558,male
562,male
563,female
564,female
565,female
565,male
568,female
570,male
573,male
574,female
577,female
583,female
589,male
592,male
600,male
603,female
604,female
604,male
608,female
610,female
620,male
623,female
629,female
631,male
632,male
636,female
638,female
640,female
645,male
645,female
646,male
649,female
650,male
652,male
653,male
654,female
654,male
660,female
665,male
668,male
668,female
673,female
674,male
678,female
680,male
680,female
682,female
689,male
694,female
694,male
703,male
706,male
709,female
709,male
714,female
722,male
725,male
728,female
733,male
737,female
741,male
746,male
751,male
751,female
755,female
763,male
764,female
768,male
771,female
772,female
777,female
777,male
778,female
778,male
779,female
782,male
783,male
784,female
788,male
790,female
796,male
802,male
804,female
805,female
816,female
823,male
824,female
833,female
840,male
840,female
841,male
847,female
851,female
854,female
855,male
857,female
861,male
862,female
862,male
864,male
870,female
870,male
872,female
874,male
878,female
878,male
884,female
886,male
889,male
899,female
901,male
902,female
903,male
904,male
907,male
909,female
921,male
923,male
925,female
925,male
933,male
933,female
937,male
938,male
940,male
942,male
943,male
944,male
946,male
959,female
959,male
965,male
965,female
967,male
972,male
975,male
977,female
981,male
984,male
986,female
996,female
996,male
998,female
999,male
1000,male
1004,female
1006,male
1008,female
1009,female
1009,male
1011,male
1011,female
1014,male
1015,female
1022,male
1024,male
1027,female
1030,male
1030,female
1031,male
1031,female
1032,male
1035,male
1043,male
1043,female
1045,male
1045,female
1046,male
1047,male
1047,female
1050,female
1050,male
1052,male
1055,male
1059,male
1060,male
1063,male
1071,male
1077,female
1077,male
1078,male
1078,female
1083,male
1086,male
1089,female
1090,male
1097,female
1100,male
1102,male
1104,male
1104,female
1105,female
1110,male
1112,male
1112,female
1117,male
1119,male
1128,male
1130,female
1134,female
1136,female
1136,male
1143,male
1145,male
1150,male
1173,female
1174,male
1175,male
1175,female
1180,male
1181,male
1184,female
1184,male
1188,female
1193,male
1194,male
1196,male
1197,female
1198,male
1199,male
1202,female
1202,male
1203,male
1203,female
1209,female
1210,female
1210,male
1213,female
1216,female
1217,female
1218,male
1220,female
1223,female
1224,female
1235,male
1236,female
1238,male
1242,male
1246,female
1246,male
1247,female
1252,male
1253,male
1259,male
1260,male
1261,female
1262,male
1270,male
1274,male
1279,male
1279,female
1280,female
1280,male
1283,male
1283,female
1288,male
1293,male
1299,male
1309,male
1317,female
1318,female
1319,female
1321,female
1322,male
1324,male
1330,female
